wind,name,temperature
Arad,15.833333333333334,39.166666666666664
Cluj-Napoca,15.166666666666666,28.5
